{
  "loss_train": [
    6.34286065428567,
    4.760692621465478,
    4.25536525286106,
    4.025581140346677,
    3.9366319590090098,
    3.8261574426989022,
    3.7519827370341683,
    3.696891087903294,
    3.658496790175225,
    3.634519143745934,
    3.5987795313273803,
    3.5633014641079663,
    3.547115412183628,
    3.5174133309356814
  ],
  "loss_main_train": [
    5.235440496417546,
    3.927971621513724,
    3.5179117505226123,
    3.3325446677860047,
    3.2625555401305752,
    3.1716804346461207,
    3.1106646172783265,
    3.065425236442197,
    3.0337490315113946,
    3.0142551713420374,
    2.98456424919127,
    2.955098154215207,
    2.941568627059125,
    2.9170406379517475
  ],
  "loss_aux_train": [
    5.537100656472953,
    4.163604961007934,
    3.687267427705298,
    3.465182251410343,
    3.3703819812661746,
    3.272384925851575,
    3.2065904784354435,
    3.1573291331563116,
    3.1237386798179743,
    3.1013197442930527,
    3.0710763048884484,
    3.0410164437878215,
    3.0277338240913974,
    3.00186336202182
  ],
  "acc_train": [
    0.09347836531066424,
    0.22708490124002306,
    0.287143288372289,
    0.31764784738039004,
    0.32932591063021754,
    0.34496535196915723,
    0.3501818815742418,
    0.3592434844527632,
    0.36511803212948635,
    0.3684260752444278,
    0.372609914868509,
    0.37724101924874465,
    0.3814849623267142,
    0.38102442783262735
  ],
  "acc_top5_train": [
    0.2089804233795429,
    0.4137535906082178,
    0.4817253653053578,
    0.5153420444610965,
    0.5257712001998252,
    0.5410258211564881,
    0.5438569376795304,
    0.5529677157487198,
    0.5587634257524666,
    0.560475209191957,
    0.5641282627700762,
    0.5691402835019358,
    0.5733693955289122,
    0.5699630011240164
  ],
  "loss_val": [
    7.274305846862793,
    4.146070993804932,
    3.254710018005371,
    2.9134807177734374,
    2.7424493492126465,
    2.649665448150635,
    2.5741644915771484,
    2.5188098377990724,
    2.4767480366516113,
    2.442662877197266,
    2.415158051300049,
    2.388771544036865,
    2.3720845930480956,
    2.351179022064209,
    2.337786980133057
  ],
  "loss_main_val": [
    6.927667415466309,
    3.92804941116333,
    3.084746536407471,
    2.7634798138427734,
    2.602466110076904,
    2.515402433166504,
    2.4440824743652345,
    2.391757536315918,
    2.351885379486084,
    2.3196698596191405,
    2.2936083860778806,
    2.2685334911346438,
    2.252815736541748,
    2.2328555255126954,
    2.220283603286743
  ],
  "loss_aux_val": [
    6.932768724517822,
    4.36043164642334,
    3.399269595336914,
    3.000018150634766,
    2.799664787750244,
    2.685260268249512,
    2.6016403846740723,
    2.54104611907959,
    2.4972532272338865,
    2.4598604333496095,
    2.4309933779144286,
    2.4047611605072023,
    2.3853772141265868,
    2.3664700686645506,
    2.350067432937622
  ],
  "acc_val": [
    0.0012,
    0.27012,
    0.42274,
    0.48512,
    0.51774,
    0.53288,
    0.55008,
    0.56138,
    0.57066,
    0.57748,
    0.58482,
    0.58942,
    0.59072,
    0.595,
    0.59934
  ],
  "acc_top5_val": [
    0.00518,
    0.50652,
    0.6741,
    0.7301,
    0.75854,
    0.77496,
    0.78614,
    0.7932,
    0.80082,
    0.8057,
    0.80918,
    0.81494,
    0.8178,
    0.82156,
    0.82162
  ],
  "loss_gold": [
    NaN,
    NaN,
    NaN,
    NaN,
    NaN,
    NaN,
    NaN,
    NaN,
    NaN,
    NaN,
    NaN,
    NaN,
    NaN,
    NaN
  ],
  "loss_main_gold": [
    NaN,
    NaN,
    NaN,
    NaN,
    NaN,
    NaN,
    NaN,
    NaN,
    NaN,
    NaN,
    NaN,
    NaN,
    NaN,
    NaN
  ],
  "loss_aux_gold": [
    NaN,
    NaN,
    NaN,
    NaN,
    NaN,
    NaN,
    NaN,
    NaN,
    NaN,
    NaN,
    NaN,
    NaN,
    NaN,
    NaN
  ],
  "acc_gold": [
    NaN,
    NaN,
    NaN,
    NaN,
    NaN,
    NaN,
    NaN,
    NaN,
    NaN,
    NaN,
    NaN,
    NaN,
    NaN,
    NaN
  ],
  "acc_top5_gold": [
    NaN,
    NaN,
    NaN,
    NaN,
    NaN,
    NaN,
    NaN,
    NaN,
    NaN,
    NaN,
    NaN,
    NaN,
    NaN,
    NaN
  ],
  "lr": [
    0.041600000000000005,
    0.0544,
    0.06720000000000001,
    0.08,
    0.08,
    0.07990827612596912,
    0.07963357190771359,
    0.07917728717496174,
    0.07854174705012192,
    0.07773019009999142,
    0.07674675183276267,
    0.07559644362442121,
    0.07428512718192253,
    0.07281948467327698
  ],
  "aux_weight": [
    0.2,
    0.2,
    0.2,
    0.2,
    0.2,
    0.2,
    0.2,
    0.2,
    0.2,
    0.2,
    0.2,
    0.2,
    0.2,
    0.2
  ],
  "mixup_lambda": [
    0.7516176830972952,
    0.7491633678670665,
    0.7488616476020854,
    0.7562332957273008,
    0.7531888658158029,
    0.753839657308055,
    0.7469092987459041,
    0.7509512363750392,
    0.7513541674349484,
    0.7485591245808104,
    0.7483477489087221,
    0.7505866843821901,
    0.7523516232239179,
    0.7460058057456839
  ]
}