{
  "checkpoint": "/home/d.yacenko/work/Articles/Article11/GRLNet/stabhrec40_a100_single_50e/stabhrec40_a100_single_50e_best.pth",
  "targets_csv": "/home/d.yacenko/work/Articles/Article11/imagenet_val_eval_outputs/imagenet_val_targets.csv",
  "device": "cuda",
  "max_samples": 128,
  "batch_size": 4,
  "workers": 2,
  "image_size": 224,
  "channels_last": true,
  "aux_weight": 0.05,
  "criterion": "CrossEntropyLoss(label_smoothing=0.05)",
  "loss_mean": 1.9530762862414122,
  "loss_main_mean": 1.8455665055662394,
  "loss_aux_mean": 2.1501952446997166,
  "grad_h_rms_per_step": [
    0.0011028463222828577,
    0.0008615937933882378,
    0.0006915235447877421,
    0.0005597985541498929,
    0.00045402797564975117,
    0.00036800830918082283,
    0.00029553921723390886,
    0.0002334876873817393,
    0.00017939850968673454,
    0.000130974076455459,
    8.705878371984e-05,
    2.420804491976014e-05
  ],
  "grad_c_rms_per_step": [
    8.857814663087993e-05,
    5.2667116435145545e-05,
    4.242588567393568e-05,
    3.781484821985259e-05,
    3.5445319685578625e-05,
    3.439426106055521e-05,
    3.3671612605701284e-05,
    3.295845142758935e-05,
    3.283462132230852e-05,
    3.480525190724393e-05,
    4.280339060613869e-05,
    0.00010554785713168258
  ],
  "grad_h_over_c_ratio_per_step": [
    12.511207453510869,
    16.517082230945583,
    16.51346444942147,
    15.018731910203973,
    12.995220629792456,
    10.945797461681929,
    9.025731792340773,
    7.266110804697968,
    5.544053314498222,
    3.7825966672428555,
    2.0392698134281093,
    0.2358817764407735
  ],
  "grad_h_points": {
    "1": 0.0011028463222828577,
    "6": 0.00036800830918082283,
    "12": 2.420804491976014e-05
  },
  "grad_c_points": {
    "1": 8.857814663087993e-05,
    "6": 3.439426106055521e-05,
    "12": 0.00010554785713168258
  },
  "grad_h_over_c_points": {
    "1": 12.511207453510869,
    "6": 10.945797461681929,
    "12": 0.2358817764407735
  },
  "grad_h_step1_to_step12_ratio": 45.55701734437235,
  "grad_c_step1_to_step12_ratio": 0.8392225956834816
}