{
  "checkpoint": "/home/d.yacenko/work/Articles/Article11/GRLNet/stabhrec40_a100_single_50e/stabhrec40_a100_single_50e_best.pth",
  "targets_csv": "/home/d.yacenko/work/Articles/Article11/imagenet_val_eval_outputs/imagenet_val_targets.csv",
  "device": "cuda",
  "max_samples": 256,
  "batch_size": 16,
  "image_size": 224,
  "channels_last": true,
  "variants": {
    "baseline": {
      "top1": 0.67578125,
      "top5": 0.86328125,
      "num_images": 256,
      "step_stats": [
        {
          "step": 1.0,
          "i_mean": 0.3804846256971359,
          "f_mean": 0.6416276954114437,
          "o_mean": 0.2541498802602291,
          "g_mean": 0.11026505706831813,
          "c_prev_rms": 0.0,
          "c_rms": 0.37981450743973255,
          "h_prev_rms": 0.21616773307323456,
          "hidden_rms": 0.17057638708502054,
          "delta_rms": 1.2571958899497986,
          "hidden_term_rms": 0.011489938828162849,
          "delta_term_rms": 0.03205526992678642,
          "residual_term_rms": 0.21616773307323456
        },
        {
          "step": 2.0,
          "i_mean": 0.37501183338463306,
          "f_mean": 0.5826605707406998,
          "o_mean": 0.2280906904488802,
          "g_mean": 0.06959424866363406,
          "c_prev_rms": 0.37981450743973255,
          "c_rms": 0.6045433208346367,
          "h_prev_rms": 0.20458844304084778,
          "hidden_rms": 0.1535102529451251,
          "delta_rms": 1.1938667967915535,
          "hidden_term_rms": 0.010340373031795025,
          "delta_term_rms": 0.03044054051861167,
          "residual_term_rms": 0.20458844304084778
        },
        {
          "step": 3.0,
          "i_mean": 0.320244986563921,
          "f_mean": 0.5299716182053089,
          "o_mean": 0.20197438448667526,
          "g_mean": 0.03114435262978077,
          "c_prev_rms": 0.6045433208346367,
          "c_rms": 0.71913842856884,
          "h_prev_rms": 0.19434071891009808,
          "hidden_rms": 0.13697564508765936,
          "delta_rms": 1.1791680753231049,
          "hidden_term_rms": 0.009226609778124839,
          "delta_term_rms": 0.030065760132856667,
          "residual_term_rms": 0.19434071891009808
        },
        {
          "step": 4.0,
          "i_mean": 0.26475985161960125,
          "f_mean": 0.4871322363615036,
          "o_mean": 0.18574939481914043,
          "g_mean": -9.810814106003818e-05,
          "c_prev_rms": 0.71913842856884,
          "c_rms": 0.7670169696211815,
          "h_prev_rms": 0.18560136668384075,
          "hidden_rms": 0.12638380844146013,
          "delta_rms": 1.1720703169703484,
          "hidden_term_rms": 0.008513149165082723,
          "delta_term_rms": 0.029884784249588847,
          "residual_term_rms": 0.18560136668384075
        },
        {
          "step": 5.0,
          "i_mean": 0.20991135109215975,
          "f_mean": 0.445901595056057,
          "o_mean": 0.17263188399374485,
          "g_mean": -0.028193985694088042,
          "c_prev_rms": 0.7670169696211815,
          "c_rms": 0.7713288851082325,
          "h_prev_rms": 0.17889726534485817,
          "hidden_rms": 0.11752775218337774,
          "delta_rms": 1.1766480505466461,
          "hidden_term_rms": 0.007916609814856201,
          "delta_term_rms": 0.030001503881067038,
          "residual_term_rms": 0.17889726534485817
        },
        {
          "step": 6.0,
          "i_mean": 0.16119901649653912,
          "f_mean": 0.40625877119600773,
          "o_mean": 0.16045283619314432,
          "g_mean": -0.05449711880646646,
          "c_prev_rms": 0.7713288851082325,
          "c_rms": 0.7511252202093601,
          "h_prev_rms": 0.1748673263937235,
          "hidden_rms": 0.1093834638595581,
          "delta_rms": 1.1788689494132996,
          "hidden_term_rms": 0.007368014601524919,
          "delta_term_rms": 0.03005813283380121,
          "residual_term_rms": 0.1748673263937235
        },
        {
          "step": 7.0,
          "i_mean": 0.12157937837764621,
          "f_mean": 0.370377603918314,
          "o_mean": 0.14914799574762583,
          "g_mean": -0.07883194461464882,
          "c_prev_rms": 0.7511252202093601,
          "c_rms": 0.7197705917060375,
          "h_prev_rms": 0.17404566146433353,
          "hidden_rms": 0.10158119117841125,
          "delta_rms": 1.183916337788105,
          "hidden_term_rms": 0.00684245748561807,
          "delta_term_rms": 0.030186829157173634,
          "residual_term_rms": 0.17404566146433353
        },
        {
          "step": 8.0,
          "i_mean": 0.09191983798518777,
          "f_mean": 0.3400535248219967,
          "o_mean": 0.13929437473416328,
          "g_mean": -0.10072106774896383,
          "c_prev_rms": 0.7197705917060375,
          "c_rms": 0.6861179322004318,
          "h_prev_rms": 0.17669412307441235,
          "hidden_rms": 0.09461790602654219,
          "delta_rms": 1.1821830496191978,
          "hidden_term_rms": 0.006373414100380614,
          "delta_term_rms": 0.030142634524963796,
          "residual_term_rms": 0.17669412307441235
        },
        {
          "step": 9.0,
          "i_mean": 0.07070531276986003,
          "f_mean": 0.3160995375365019,
          "o_mean": 0.13132397178560495,
          "g_mean": -0.11918619507923722,
          "c_prev_rms": 0.6861179322004318,
          "c_rms": 0.6546056717634201,
          "h_prev_rms": 0.1826931992545724,
          "hidden_rms": 0.08857048628851771,
          "delta_rms": 1.1798764616250992,
          "hidden_term_rms": 0.005966063006781042,
          "delta_term_rms": 0.03008382359985262,
          "residual_term_rms": 0.1826931992545724
        },
        {
          "step": 10.0,
          "i_mean": 0.05587853631004691,
          "f_mean": 0.29784294217824936,
          "o_mean": 0.12511098617687821,
          "g_mean": -0.13437453098595142,
          "c_prev_rms": 0.6546056717634201,
          "c_rms": 0.6272434070706367,
          "h_prev_rms": 0.19171812757849693,
          "hidden_rms": 0.08351712115108967,
          "delta_rms": 1.1744446605443954,
          "hidden_term_rms": 0.005625670921290293,
          "delta_term_rms": 0.029945324989967048,
          "residual_term_rms": 0.19171812757849693
        },
        {
          "step": 11.0,
          "i_mean": 0.04547637910582125,
          "f_mean": 0.28436226211488247,
          "o_mean": 0.12052090698853135,
          "g_mean": -0.14650616142898798,
          "c_prev_rms": 0.6272434070706367,
          "c_rms": 0.6044257655739784,
          "h_prev_rms": 0.20323865860700607,
          "hidden_rms": 0.07934375200420618,
          "delta_rms": 1.1678505167365074,
          "hidden_term_rms": 0.00534455492743291,
          "delta_term_rms": 0.029777192161418498,
          "residual_term_rms": 0.20323865860700607
        },
        {
          "step": 12.0,
          "i_mean": 0.03799957921728492,
          "f_mean": 0.27431097254157066,
          "o_mean": 0.11708765989169478,
          "g_mean": -0.15617197006940842,
          "c_prev_rms": 0.6044257655739784,
          "c_rms": 0.5856799557805061,
          "h_prev_rms": 0.21675740834325552,
          "hidden_rms": 0.07587230950593948,
          "delta_rms": 1.1600426360964775,
          "hidden_term_rms": 0.005110720288939774,
          "delta_term_rms": 0.029578112647868693,
          "residual_term_rms": 0.21675740834325552
        }
      ],
      "a": 0.06735949218273163,
      "b": 0.02550479583442211
    },
    "no_c_readout": {
      "top1": 0.046875,
      "top5": 0.1796875,
      "num_images": 256,
      "prediction_change_rate_vs_baseline": 0.94921875,
      "mean_logit_l2_vs_baseline": 1.5252709686756134,
      "max_abs_logit_diff_vs_baseline": 14.2265625
    },
    "no_c_memory_carry": {
      "top1": 0.25,
      "top5": 0.5234375,
      "num_images": 256,
      "prediction_change_rate_vs_baseline": 0.73046875,
      "mean_logit_l2_vs_baseline": 1.3291868716478348,
      "max_abs_logit_diff_vs_baseline": 11.9140625
    },