{
  "loss_train": [
    6.34286065428567,
    4.760692621465478,
    4.25536525286106,
    4.025581140346677,
    3.9366319590090098,
    3.8261574426989022,
    3.7519827370341683,
    3.696891087903294,
    3.658496790175225,
    3.634519143745934,
    3.5987795313273803,
    3.5633014641079663,
    3.547115412183628,
    3.5174133309356814,
    3.5041557009008413,
    3.4833180538497643,
    3.4589207603851926,
    3.52638360262066,
    3.4800898544318195,
    3.4694561761491856,
    3.442649257157765,
    3.433036456233749,
    3.4017074567571597,
    3.400758828029392,
    3.350221943286559,
    3.3344726505329567,
    3.2884433242106565,
    3.251435786906262,
    3.191320507091962,
    3.159494008823803,
    3.1180026287649607,
    3.0731456721336694,
    3.0439017684000835,
    2.987768190041365,
    2.950602281401782,
    2.8943093894974217,
    2.8575337493971995,
    2.8042642780497857,
    2.7676525710896636,
    2.725352288438867
  ],
  "loss_main_train": [
    5.235440496417546,
    3.927971621513724,
    3.5179117505226123,
    3.3325446677860047,
    3.2625555401305752,
    3.1716804346461207,
    3.1106646172783265,
    3.065425236442197,
    3.0337490315113946,
    3.0142551713420374,
    2.98456424919127,
    2.955098154215207,
    2.941568627059125,
    2.9170406379517475,
    2.905750482990841,
    2.8882487462852366,
    2.8678667719331115,
    2.926179159412644,
    2.887177277671363,
    2.877861543081071,
    2.8553505378878934,
    2.847031633863143,
    2.8205414255028347,
    2.819584952976517,
    2.7769912269896477,
    2.763473033756148,
    2.7396561458820377,
    2.7228701744869257,
    2.6863960742920665,
    2.6736123599972754,
    2.6523418642093852,
    2.6279828547538107,
    2.616707099054255,
    2.5819042307228517,
    2.563485355908406,
    2.528070948804915,
    2.5093650906902134,
    2.475887608212509,
    2.457024578731337,
    2.4328054251765527
  ],
  "loss_aux_train": [
    5.537100656472953,
    4.163604961007934,
    3.687267427705298,
    3.465182251410343,
    3.3703819812661746,
    3.272384925851575,
    3.2065904784354435,
    3.1573291331563116,
    3.1237386798179743,
    3.1013197442930527,
    3.0710763048884484,
    3.0410164437878215,
    3.0277338240913974,
    3.00186336202182,
    2.9920259904218285,
    2.975346441302866,
    2.9552698496621663,
    3.0010220974709814,
    2.9645627804786296,
    2.95797306698956,
    2.936493498653423,
    2.930024016077664,
    2.905830071453925,
    2.9058692915632856,
    2.866153513549999,
    2.854998005587346,
    2.8324500388594114,
    2.8190165998129655,
    2.785789875393431,
    2.77646659700049,
    2.7594711380801695,
    2.7394635977035784,
    2.734045891528334,
    2.7057596309154954,
    2.6929873765237,
    2.663552243164361,
    2.6527137083999524,
    2.6270133506884004,
    2.615814716684635,
    2.6004166388401484
  ],
  "acc_train": [
    0.09347836531066424,
    0.22708490124002306,
    0.287143288372289,
    0.31764784738039004,
    0.32932591063021754,
    0.34496535196915723,
    0.3501818815742418,
    0.3592434844527632,
    0.36511803212948635,
    0.3684260752444278,
    0.372609914868509,
    0.37724101924874465,
    0.3814849623267142,
    0.38102442783262735,
    0.3854518042359489,
    0.38829853231978523,
    0.3912194144982899,
    0.3788887920571449,
    0.38570548385959547,
    0.3928422079205469,
    0.39400056968751906,
    0.3947592808839887,
    0.40047615386598695,
    0.3961572765195432,
    0.40761287821080167,
    0.41339687958567456,
    0.41351084251928455,
    0.41618428489713705,
    0.42456211045841985,
    0.42617866468977683,
    0.4304280716391282,
    0.4338446136281258,
    0.43565240654356024,
    0.44034751704649167,
    0.4464773096039401,
    0.45543119443424185,
    0.45637177715980126,
    0.4597172872360507,
    0.4599709715116111,
    0.4735895243426942
  ],
  "acc_top5_train": [
    0.2089804233795429,
    0.4137535906082178,
    0.4817253653053578,
    0.5153420444610965,
    0.5257712001998252,
    0.5410258211564881,
    0.5438569376795304,
    0.5529677157487198,
    0.5587634257524666,
    0.560475209191957,
    0.5641282627700762,
    0.5691402835019358,
    0.5733693955289122,
    0.5699630011240164,
    0.5743880354689647,
    0.5769022417884351,
    0.579042556513051,
    0.568318346446859,
    0.5747189958786062,
    0.582641750967903,
    0.5823537217434744,
    0.5816316972648932,
    0.5883094479830149,
    0.5789504496065943,
    0.5938319595354066,
    0.599258461346322,
    0.597567753215936,
    0.5982031347570875,
    0.6072311727238666,
    0.6071156488072936,
    0.6102847508430124,
    0.6129324341201449,
    0.6127786624203821,
    0.6158174097664544,
    0.6216966404396154,
    0.6310712501561134,
    0.6296053453228425,
    0.6301111527413513,
    0.62853831022855,
    0.6439428000499563
  ],
  "loss_val": [
    7.274305846862793,
    4.146070993804932,
    3.254710018005371,
    2.9134807177734374,
    2.7424493492126465,
    2.649665448150635,
    2.5741644915771484,
    2.5188098377990724,
    2.4767480366516113,
    2.442662877197266,
    2.415158051300049,
    2.388771544036865,
    2.3720845930480956,
    2.351179022064209,
    2.337786980133057,
    2.321262130432129,
    2.3052680238342287,
    2.2952559676361086,
    2.3190986585998536,
    2.305475654678345,
    2.292271455459595,
    2.2806701587677,
    2.2680683517456055,
    2.2561110333251952,
    2.241664907989502,
    2.227480215911865,
    2.2145086363983153,
    2.200203202819824,
    2.191676535644531,
    2.1754952559661866,
    2.163076107254028,
    2.1515407315063477,
    2.1383238022613527,
    2.1245764949035646,
    2.1103814251708983,
    2.0986413979339598,
    2.0838319945526123,
    2.0725871432495118,
    2.0578635401153567,
    2.0480968928527834,
    2.0368011833953856
  ],
  "loss_main_val": [
    6.927667415466309,
    3.92804941116333,
    3.084746536407471,
    2.7634798138427734,
    2.602466110076904,
    2.515402433166504,
    2.4440824743652345,
    2.391757536315918,
    2.351885379486084,
    2.3196698596191405,
    2.2936083860778806,
    2.2685334911346438,
    2.252815736541748,
    2.2328555255126954,
    2.220283603286743,
    2.2046097690582274,
    2.189302048110962,
    2.179796321487427,
    2.202732039718628,
    2.1898545668029783,
    2.1771805757141114,
    2.166207010421753,
    2.1541334638214114,
    2.142851205749512,
    2.1290012243652345,
    2.1154372637939454,
    2.1030882848358154,
    2.0893786531066896,
    2.0812142333984376,
    2.065579490661621,
    2.053682928314209,
    2.0425435273742676,
    2.0297977487945555,
    2.016499874649048,
    2.0027025415802,
    1.9912845951080322,
    1.977006795349121,
    1.9661789933776856,
    1.9518449784851075,
    1.942225868911743,
    1.931201007232666
  ],
  "loss_aux_val": [
    6.932768724517822,
    4.36043164642334,
    3.399269595336914,
    3.000018150634766,
    2.799664787750244,
    2.685260268249512,
    2.6016403846740723,
    2.54104611907959,
    2.4972532272338865,
    2.4598604333496095,
    2.4309933779144286,
    2.4047611605072023,
    2.3853772141265868,
    2.3664700686645506,
    2.350067432937622,
    2.333047278671265,
    2.319319610900879,
    2.3091929514312746,
    2.3273325075531006,
    2.3124217304229737,
    2.301817693862915,
    2.2892630727386476,
    2.2786977130889894,
    2.2651965118408204,
    2.2532736045074464,
    2.2408590259552,
    2.2284069927978516,
    2.216491086730957,
    2.2092459622955323,
    2.198315492324829,
    2.187863550186157,
    2.179943973312378,
    2.170521155014038,
    2.161532439041138,
    2.153577582321167,
    2.147136024246216,
    2.136504203186035,
    2.128162883377075,
    2.1203711153411864,
    2.117420472488403,
    2.112003575363159
  ],